id,name,model_id:id,group_id:id,perm_read,perm_write,perm_create,perm_unlink
access_hr_liquidation_manager,hr.liquidation.manager,model_hr_liquidation,group_hr_liquidation_manager,1,1,1,1
access_hr_liquidation_employee,hr.liquidation.employee,model_hr_liquidation,group_hr_liquidation_user,1,1,1,1
access_hr_liquidation_user,hr.liquidation.user,model_hr_liquidation,group_hr_liquidation_user,1,0,0,0
access_hr_liquidation_line_user,hr.liquidation.line.user,model_hr_liquidation_line,group_hr_liquidation_user,1,0,0,0
access_hr_liquidation_line_manager,hr.liquidation.line.manager,model_hr_liquidation_line,group_hr_liquidation_manager,1,1,1,1
access_hr_liquidation_calculator_user,hr.liquidation.calculator.user,model_hr_liquidation_calculator,group_hr_liquidation_user,1,0,0,0
access_hr_liquidation_calculator_manager,hr.liquidation.calculator.manager,model_hr_liquidation_calculator,group_hr_liquidation_manager,1,0,0,0
access_hr_liquidation_wizard,access_hr_liquidation_wizard,model_hr_liquidation_wizard,base.group_user,1,1,1,0
access_hr_liquidation_payment_wizard,access_hr_liquidation_payment_wizard,model_hr_liquidation_payment_wizard,base.group_user,1,1,1,0
